"Time","140.114.28.245:9101","140.114.28.246:9101","140.114.28.245:9101","140.114.28.246:9101","140.114.28.245:9101","140.114.28.246:9101","140.114.28.245:9101","140.114.28.246:9101","140.114.28.247:9101","140.114.28.247:9101","140.114.28.247:9101","140.114.28.247:9101"
1627019710000,0,0,0,0,0,0,0,0,0,0,0,0
1627019715000,0,0,0,0,0,0,0,0,0,0,0,0
1627019720000,0,0,0,0,0,0,0,0,0,0,0,0
1627019725000,0,0,0,0,0,0,0,0,0,0,0,0
1627019730000,0,0,0,0,0,0,0,0,0,0,0,0
1627019735000,0,0,0,0,0,0,0,0,0,0,0,0
1627019740000,0,0,0,0,0,0,0,0,0,0,0,0
1627019745000,20,0,0,0,12,0,0,0,0,0,0,0
1627019750000,0,0,0,0,0,0,0,0,0,0,0,0
1627019755000,0,0,0,0,0,0,0,0,0,0,0,0
1627019760000,0,0,0,0,0,0,0,0,0,0,0,0
1627019765000,0,0,0,0,0,0,0,0,0,0,0,0
1627019770000,0,0,0,0,0,0,0,0,0,0,0,0
1627019775000,0,0,0,0,0,0,0,0,0,0,0,0
1627019780000,14,0,0,0,55,0,0,0,0,0,0,0
1627019785000,0,0,0,0,51,0,0,0,0,0,0,0
1627019790000,30,0,0,0,82,0,0,0,0,0,0,0
1627019795000,7,0,0,0,74,0,0,0,0,0,0,0
1627019800000,52,0,0,0,50,0,0,0,0,0,0,0
1627019805000,56,0,0,0,22,0,0,0,0,0,0,0
1627019810000,0,0,0,0,44,0,0,0,0,0,0,0
1627019815000,3,0,0,0,58,0,0,0,0,0,0,0
1627019820000,55,0,0,0,26,0,0,0,0,0,0,0
1627019825000,15,0,0,0,72,0,0,0,0,0,0,0
1627019830000,69,0,0,0,1,0,0,0,0,0,0,0
1627019835000,23,0,0,0,0,0,0,0,0,0,0,0
1627019840000,56,0,0,0,56,0,0,0,0,0,0,0
1627019845000,30,0,0,0,70,0,0,0,0,0,0,0
1627019850000,0,0,0,0,0,0,0,0,0,0,0,0
1627019855000,0,0,0,0,0,0,0,0,0,0,0,0
1627019860000,0,0,12,0,12,0,12,0,0,0,0,0
1627019865000,0,0,0,0,0,3,0,2,0,0,0,0
1627019870000,0,0,0,0,0,0,0,0,0,0,0,0
1627019875000,40,0,0,0,0,0,0,0,0,0,31,12
1627019880000,30,0,0,0,0,0,0,1,0,0,78,64
1627019885000,30,0,0,0,0,0,0,0,2,85,40,71
1627019890000,31,0,89,0,93,0,92,0,58,61,98,80
1627019895000,46,0,0,0,1,0,0,2,51,57,73,52
1627019900000,2,0,4,84,0,88,30,20,91,57,38,59
1627019905000,42,0,15,85,1,68,0,85,0,0,79,44
1627019910000,41,0,37,57,22,24,24,71,73,55,52,79
1627019915000,55,0,50,91,43,14,88,90,44,71,54,50
1627019920000,33,0,81,89,56,72,23,99,33,2,71,56
1627019925000,35,0,0,51,1,34,0,51,78,54,73,98
1627019930000,30,0,51,31,62,66,12,28,85,51,91,61
1627019935000,37,0,20,86,32,89,1,67,47,1,91,49
1627019940000,32,0,70,0,35,0,63,2,46,72,54,91
1627019945000,36,0,61,29,63,37,35,0,75,53,72,50
1627019950000,51,0,72,33,66,77,51,21,58,45,72,64
1627019955000,0,0,77,90,5,84,52,0,41,83,72,48
1627019960000,31,0,62,61,6,52,40,17,77,44,65,95
1627019965000,40,0,52,36,83,54,37,57,84,65,87,53
1627019970000,0,0,0,0,4,0,57,0,0,0,46,0
1627019975000,0,0,48,0,55,0,37,0,0,0,49,0
1627019980000,0,49,0,0,74,0,0,0,0,0,44,0
1627019985000,0,42,43,0,0,0,15,0,0,0,31,0
1627019990000,0,89,43,0,70,0,74,0,0,0,36,0
1627019995000,0,38,68,0,91,0,59,0,0,0,38,0
1627020000000,0,49,19,0,41,0,50,0,0,0,45,12
1627020005000,0,0,77,0,19,0,65,0,0,0,31,0
1627020010000,0,46,53,0,29,0,11,0,0,0,0,0
1627020015000,5,31,26,0,12,0,0,0,0,0,0,0
1627020020000,35,56,47,0,16,2,45,0,0,0,0,0
1627020025000,34,31,41,0,56,0,99,0,0,0,0,0
1627020030000,34,45,63,0,50,88,65,0,0,0,0,90
1627020035000,34,39,6,0,3,89,51,0,0,0,0,0
1627020040000,42,43,25,0,48,78,44,0,0,0,0,28
1627020045000,34,55,89,0,49,88,72,0,0,0,2,0
1627020050000,56,0,7,0,64,99,35,0,0,0,55,68
1627020055000,34,0,47,2,71,95,52,3,0,0,30,30
1627020060000,40,52,31,42,54,98,36,95,0,0,30,12
1627020065000,34,90,54,53,56,87,54,89,0,0,30,32
1627020070000,34,79,27,97,32,85,0,97,0,0,49,64
1627020075000,34,69,2,85,66,98,4,79,0,0,30,68
1627020080000,48,94,0,98,20,0,19,98,0,0,47,0
1627020085000,45,98,68,95,82,85,60,97,0,0,30,47
1627020090000,53,56,46,95,1,99,20,95,0,0,31,11
1627020095000,53,96,67,98,8,92,50,88,0,0,53,0
1627020100000,39,7,0,32,28,89,63,11,0,0,39,0
1627020105000,3,61,0,78,63,99,0,77,0,0,52,47
1627020110000,34,0,29,0,63,90,24,0,0,0,57,64
1627020115000,38,70,27,73,5,84,9,90,0,0,36,6
1627020120000,34,4,39,29,15,99,53,30,0,0,45,22
1627020125000,34,98,63,98,1,85,35,97,0,0,39,24
1627020130000,34,5,80,21,51,86,75,9,0,0,56,63
1627020135000,34,92,32,92,27,99,43,90,0,0,57,47
1627020140000,34,57,30,67,51,96,15,54,0,0,32,0
1627020145000,35,98,0,80,0,98,0,98,0,0,46,0
1627020150000,34,86,87,60,73,92,31,86,0,0,38,40
1627020155000,34,61,31,72,0,99,51,65,0,0,12,16
1627020160000,34,47,63,63,59,83,58,54,0,0,33,59
1627020165000,34,0,47,0,0,88,56,0,0,0,46,0
1627020170000,45,75,53,97,0,98,51,97,0,0,57,65
1627020175000,54,76,27,55,28,86,44,75,0,0,39,0
1627020180000,58,98,21,79,61,87,46,98,0,0,14,13
1627020185000,39,98,66,95,13,68,53,99,0,0,32,42
1627020190000,3,81,71,98,38,100,83,96,0,0,48,68
1627020195000,34,98,0,97,21,99,63,98,0,0,42,62
1627020200000,42,78,63,97,28,95,63,94,0,0,55,68
1627020205000,41,87,6,69,0,89,76,88,0,0,88,27
1627020210000,52,97,0,97,74,98,16,78,0,0,46,0
1627020215000,60,76,35,98,0,99,74,90,0,0,44,68
1627020220000,23,68,46,80,23,86,8,73,0,0,53,0
1627020225000,34,94,0,98,9,84,0,96,0,0,36,57
1627020230000,42,96,90,97,37,86,76,98,0,0,84,0
1627020235000,34,90,58,90,62,89,75,98,0,0,53,50
1627020240000,37,78,37,64,22,86,69,80,0,0,36,48
1627020245000,55,70,0,84,26,99,49,76,0,0,48,40
1627020250000,34,73,75,67,88,99,55,60,0,0,50,61
1627020255000,35,69,81,91,61,99,38,93,0,0,50,10
1627020260000,59,91,45,70,73,95,29,91,0,0,40,0
1627020265000,34,77,57,97,52,90,51,96,0,0,30,39
1627020270000,44,97,71,87,49,99,60,59,0,0,37,34
1627020275000,53,53,52,77,21,90,59,78,0,0,51,38
1627020280000,43,89,0,65,3,98,11,88,0,0,30,21
1627020285000,53,89,93,97,72,100,64,98,0,0,30,0
1627020290000,34,88,0,98,63,87,63,87,0,0,36,0
1627020295000,34,68,65,91,10,84,38,90,0,0,57,1
1627020300000,38,68,0,59,13,99,38,73,0,0,57,68
1627020305000,1,78,69,93,44,88,67,74,0,0,42,50
1627020310000,56,82,59,76,58,90,29,96,0,0,51,68
1627020315000,42,96,52,85,13,100,63,97,0,0,30,6
1627020320000,34,96,41,90,63,99,28,98,0,0,61,68
1627020325000,44,98,0,98,8,86,31,89,0,0,31,0
1627020330000,50,59,18,77,51,90,76,90,0,0,44,92
1627020335000,34,96,0,97,0,85,0,98,0,0,30,0
1627020340000,40,70,58,84,21,100,56,95,0,0,37,41
1627020345000,34,63,80,84,0,90,34,79,0,0,40,47
1627020350000,39,87,55,89,21,89,54,86,0,0,30,0
1627020355000,54,90,59,97,75,86,30,95,0,0,33,19
1627020360000,39,98,0,82,35,82,63,98,0,0,32,68
1627020365000,34,88,58,97,38,88,55,97,0,0,34,68
1627020370000,55,84,21,97,0,98,52,96,0,0,31,63
1627020375000,55,53,0,37,2,95,63,5,0,0,31,0
1627020380000,34,98,78,98,25,99,58,89,0,0,48,0
1627020385000,43,53,11,44,61,86,63,3,0,0,2,22
1627020390000,65,98,13,98,75,85,29,70,0,0,38,54
1627020395000,34,0,75,0,70,100,53,0,0,0,48,68
1627020400000,34,97,96,98,73,85,64,94,0,0,36,0
1627020405000,42,0,56,26,4,86,1,30,0,0,30,81
1627020410000,58,98,63,98,35,87,0,91,0,0,27,23
1627020415000,37,4,38,30,74,99,40,0,0,0,30,20
1627020420000,34,87,62,71,41,88,57,94,0,0,38,33
1627020425000,34,18,65,8,10,98,53,9,0,0,47,1
1627020430000,34,69,37,89,77,99,47,89,0,0,47,0
1627020435000,35,49,35,56,37,94,56,8,0,0,83,32
1627020440000,46,97,58,97,7,88,83,79,0,0,46,68
1627020445000,43,88,29,91,0,100,4,98,0,0,38,68
1627020450000,34,85,10,94,56,85,70,97,0,0,38,67
1627020455000,48,94,73,98,7,98,18,97,0,0,30,0
1627020460000,47,85,5,71,58,90,58,94,0,0,43,49
1627020465000,47,98,39,88,53,81,56,98,0,0,32,0
1627020470000,56,89,0,86,33,99,0,76,0,0,54,48
1627020475000,87,92,7,67,52,99,5,80,0,0,47,47
1627020480000,34,84,63,96,14,98,57,92,0,0,35,85
1627020485000,36,98,0,80,35,98,21,95,0,0,85,27
1627020490000,30,76,21,87,58,99,26,94,0,0,53,1
1627020495000,38,97,0,85,64,96,24,99,0,0,33,14
1627020500000,50,96,14,78,72,90,18,71,0,0,45,68
1627020505000,34,97,53,97,0,86,68,95,0,0,31,57
1627020510000,34,67,73,87,23,88,67,73,0,0,31,40
1627020515000,47,96,1,98,83,87,16,97,0,0,45,65
1627020520000,43,0,69,0,40,99,48,0,0,0,30,0
1627020525000,56,0,0,0,1,87,0,0,0,0,48,7
1627020530000,0,0,77,0,52,0,63,0,0,0,0,6
1627020535000,0,0,67,0,85,0,44,0,0,0,0,0
1627020540000,0,0,41,0,89,0,58,0,0,0,0,31
1627020545000,0,0,77,0,35,0,62,0,0,0,0,1
1627020550000,3,0,29,0,55,0,0,0,0,0,0,43
1627020555000,0,0,60,0,14,0,75,0,0,0,0,0
1627020560000,0,0,30,0,72,0,85,0,0,0,0,56
1627020565000,0,0,20,0,68,0,18,0,0,0,0,22
1627020570000,17,55,71,0,35,0,14,0,0,0,0,58
1627020575000,100,31,6,0,15,0,9,0,0,0,0,17
1627020580000,99,44,0,65,60,78,15,0,0,0,0,68
1627020585000,84,37,57,75,53,41,61,0,0,0,0,0
1627020590000,100,58,48,46,0,42,64,0,0,0,0,68
1627020595000,89,0,57,44,46,63,57,0,0,0,0,11
1627020600000,88,39,47,45,4,64,41,0,0,0,0,0
1627020605000,86,43,42,52,42,73,0,0,16,0,18,0
1627020610000,93,31,50,79,50,71,50,0,0,0,0,0
1627020615000,99,31,67,68,52,83,54,0,0,0,0,0
1627020620000,88,31,47,55,18,47,48,0,0,0,0,0
1627020625000,27,47,46,1,69,87,47,0,0,0,0,0
1627020630000,84,47,14,0,45,0,19,3,0,0,0,0
1627020635000,88,33,0,0,0,0,0,0,2,0,4,0
1627020640000,100,31,0,0,33,0,13,0,0,42,0,0
1627020645000,96,31,65,0,41,0,70,0,0,0,0,0
1627020650000,0,83,46,0,44,0,21,3,0,0,0,0
1627020655000,0,51,18,23,52,34,1,45,0,60,0,4
1627020660000,0,31,41,82,55,75,43,85,0,73,0,72
1627020665000,0,27,62,49,42,65,58,21,0,31,0,55
1627020670000,0,41,57,76,41,67,62,82,0,73,0,37
1627020675000,0,32,56,93,89,87,36,81,0,33,5,44
1627020680000,0,31,0,47,56,75,0,71,0,21,84,57
1627020685000,0,37,28,64,2,70,27,58,2,36,85,0
1627020690000,0,31,63,69,18,43,40,84,98,0,87,48
1627020695000,0,31,40,91,74,60,34,71,82,0,80,19
1627020700000,0,34,26,78,72,80,33,95,85,0,87,64
1627020705000,0,50,51,26,21,27,53,91,80,18,98,41
1627020710000,0,31,51,76,63,91,39,91,82,9,61,0
1627020715000,0,31,0,91,0,90,0,70,84,60,87,0
1627020720000,15,36,0,1,0,0,0,0,87,36,80,53
1627020725000,0,39,0,60,0,85,0,85,99,18,100,66
1627020730000,0,31,0,88,0,86,0,88,88,69,99,50
1627020735000,0,50,0,77,0,86,0,80,99,0,96,1
1627020740000,0,31,0,90,0,88,0,84,91,56,99,0
1627020745000,0,31,0,58,0,58,0,73,93,65,83,44
1627020750000,86,40,8,75,12,82,6,84,99,2,90,43
1627020755000,75,45,19,67,54,59,56,66,98,0,88,50
1627020760000,36,31,61,80,28,88,21,80,100,59,99,11
1627020765000,0,31,64,71,63,80,60,54,100,64,99,0
1627020770000,0,0,0,80,0,90,0,80,0,56,99,93
1627020775000,0,0,0,66,0,79,0,60,0,58,83,0
1627020780000,0,0,0,75,0,87,0,72,0,43,99,0
1627020785000,0,0,0,64,0,88,0,77,0,47,98,76
1627020790000,0,2,0,85,0,54,31,67,0,0,89,0
1627020795000,0,0,0,77,0,91,48,93,0,25,95,54
1627020800000,2,0,3,3,2,0,31,0,12,6,99,41
1627020805000,0,0,0,4,0,33,31,0,0,58,98,65
1627020810000,0,0,0,55,0,54,31,81,0,6,99,39
1627020815000,0,99,0,70,0,76,0,85,0,63,99,0
1627020820000,0,99,0,95,0,84,40,87,0,54,100,22
1627020825000,0,86,0,93,0,94,33,90,0,64,89,0
1627020830000,0,89,0,84,0,90,44,78,73,73,87,0
1627020835000,0,100,0,62,0,63,31,77,0,30,91,0
1627020840000,57,77,85,85,48,68,50,92,25,83,89,54
1627020845000,12,96,66,54,0,64,37,72,0,33,99,11
1627020850000,58,83,0,72,77,88,31,87,0,66,0,55
1627020855000,33,99,57,86,76,82,45,48,64,56,100,0
1627020860000,74,82,24,86,48,89,45,91,0,80,88,0
1627020865000,0,90,0,69,0,71,33,77,0,78,82,0
1627020870000,79,97,77,94,78,87,30,92,28,0,100,10
1627020875000,92,89,51,81,0,81,58,90,8,0,87,0
1627020880000,63,94,0,88,64,88,31,87,0,66,100,25
1627020885000,0,100,0,84,0,84,46,79,0,47,99,72
1627020890000,52,99,40,8,52,10,50,0,12,63,99,0
1627020895000,0,98,0,93,1,91,31,80,38,51,100,8
1627020900000,74,90,96,63,41,61,15,73,68,3,90,75
1627020905000,57,93,0,63,1,57,37,66,52,64,99,10
1627020910000,49,99,56,94,70,91,34,86,1,59,96,0
1627020915000,52,98,41,95,41,85,31,90,4,23,99,1
1627020920000,97,100,4,85,77,85,31,94,68,61,85,46
1627020925000,40,99,63,55,0,0,33,0,0,64,88,0
1627020930000,33,96,0,0,4,0,31,0,0,64,99,21
1627020935000,71,38,0,0,63,0,37,0,0,31,20,19
1627020940000,0,0,49,0,65,0,0,0,0,1,0,0
1627020945000,0,0,31,0,74,0,0,0,0,79,0,14
1627020950000,0,0,14,0,33,0,0,0,0,64,0,0
1627020955000,0,0,75,0,46,0,0,0,0,76,0,45
1627020960000,0,0,20,0,15,0,0,0,0,15,0,85
1627020965000,0,0,32,0,46,0,0,0,0,69,0,19
1627020970000,0,0,17,0,63,0,0,29,0,69,0,52
1627020975000,2,0,23,0,64,0,0,31,0,33,0,69
1627020980000,0,0,40,0,63,0,0,36,0,26,0,72
1627020985000,99,0,12,0,14,0,1,49,0,43,0,0
1627020990000,84,0,52,0,72,0,78,33,0,0,0,0
1627020995000,99,0,64,0,0,0,98,85,0,0,14,0
1627021000000,99,0,4,0,28,0,98,48,0,0,0,0
1627021005000,82,0,34,0,1,0,99,47,0,0,0,0
1627021010000,83,0,64,0,1,0,99,44,0,0,0,0
1627021015000,90,0,48,0,48,48,85,30,0,0,0,0
1627021020000,89,0,74,0,30,30,81,31,0,0,0,0
1627021025000,100,0,63,0,0,53,82,45,0,0,0,0
1627021030000,86,0,53,0,71,52,89,30,51,50,63,3
1627021035000,0,0,12,0,55,66,100,30,37,3,0,0
1627021040000,34,0,13,0,27,32,87,31,21,62,46,71
1627021045000,90,0,60,0,53,36,95,45,34,47,63,19
1627021050000,88,0,2,0,2,11,99,31,28,5,54,1
1627021055000,100,0,11,0,29,58,100,100,35,85,64,0
1627021060000,89,0,0,0,0,48,99,0,88,46,32,39
1627021065000,83,0,0,0,0,0,98,0,30,59,43,44
1627021070000,98,0,0,0,0,0,93,0,29,64,44,64
1627021075000,89,2,0,0,0,2,82,0,40,39,28,0
1627021080000,98,0,0,0,0,67,99,0,40,66,45,51
1627021085000,99,0,0,0,0,62,87,0,41,64,46,52
1627021090000,90,0,92,0,0,38,98,0,0,59,1,44
1627021095000,97,0,32,0,0,44,99,0,32,17,13,60
1627021100000,85,0,31,0,0,0,93,0,63,52,48,0
1627021105000,99,0,54,0,35,1,96,0,64,84,68,0
1627021110000,89,1,30,0,35,0,100,0,11,57,21,21
1627021115000,92,69,47,0,84,21,83,0,22,0,40,1
1627021120000,89,68,31,0,38,67,96,0,55,14,10,0
1627021125000,99,39,31,0,43,68,99,0,21,4,25,1
1627021130000,96,0,60,0,87,0,87,0,63,65,61,54
1627021135000,100,22,38,0,35,0,82,8,52,29,52,65
1627021140000,100,0,30,0,37,0,84,0,16,63,14,21
1627021145000,82,66,34,0,35,0,90,0,58,38,58,17
1627021150000,89,53,41,0,35,0,82,0,72,83,69,78
1627021155000,95,12,35,0,37,0,81,0,85,43,87,6
1627021160000,88,52,31,0,41,0,0,0,50,64,49,1
1627021165000,85,41,45,88,46,21,89,19,37,35,33,12
1627021170000,84,58,30,31,35,62,84,89,41,9,42,76
1627021175000,83,69,31,44,47,59,85,60,61,77,56,0
1627021180000,89,24,30,98,49,57,99,75,34,63,25,30
1627021185000,83,0,35,10,41,56,88,56,34,73,42,81
1627021190000,98,0,35,64,56,34,90,0,20,45,0,0
1627021195000,99,23,49,74,35,33,86,47,77,61,25,65
1627021200000,88,52,87,0,35,0,100,0,64,76,74,39
1627021205000,89,38,47,55,35,77,100,79,15,59,35,74
1627021210000,99,68,53,63,52,70,97,37,4,74,64,0
1627021215000,95,0,50,56,86,17,99,0,49,42,61,69
1627021220000,99,69,30,38,56,21,95,0,63,64,57,1
1627021225000,100,25,31,58,47,46,99,89,50,61,52,1
1627021230000,86,36,37,32,55,0,88,9,4,51,54,16
1627021235000,99,37,30,71,45,69,99,18,83,82,56,76
1627021240000,90,68,38,0,35,5,99,43,73,58,37,58
1627021245000,84,2,41,2,53,35,88,3,65,59,52,20
1627021250000,100,1,51,36,53,22,99,1,88,88,88,2
1627021255000,87,1,74,30,49,51,99,73,25,33,8,0
1627021260000,90,61,31,21,35,0,98,0,63,44,55,19
1627021265000,86,0,45,1,0,47,99,0,0,0,0,0
1627021270000,2,0,30,1,0,42,99,0,0,0,0,0
1627021275000,100,0,38,0,0,61,89,41,0,0,0,0
1627021280000,90,0,30,0,0,59,96,56,0,0,0,0
1627021285000,85,12,30,69,0,2,90,50,0,0,0,0
1627021290000,96,0,41,47,0,51,100,0,0,0,17,0
1627021295000,88,0,31,14,0,76,79,37,0,0,0,0
1627021300000,81,0,30,55,0,48,89,53,0,0,0,0
1627021305000,85,0,30,26,0,0,99,0,0,0,0,0
1627021310000,89,0,80,0,0,0,88,4,0,0,0,0
1627021315000,91,0,31,56,0,49,88,64,2,3,0,0
1627021320000,99,0,46,0,0,0,99,2,0,0,0,0
1627021325000,100,18,37,25,53,11,87,35,0,0,49,0
1627021330000,94,9,30,0,69,86,98,16,0,0,69,0
1627021335000,99,68,31,0,0,16,99,63,0,0,52,0
1627021340000,91,0,31,1,20,66,95,48,23,23,41,0
1627021345000,88,9,38,48,0,40,98,63,70,39,0,0
1627021350000,87,11,30,0,2,1,100,63,81,77,64,0
1627021355000,89,64,47,0,50,63,99,33,65,66,52,0
1627021360000,92,0,35,0,68,79,89,66,57,56,0,0
1627021365000,99,0,37,34,18,55,99,52,89,59,0,5
1627021370000,91,49,1,0,10,41,90,0,80,70,0,0
1627021375000,85,62,0,21,27,0,99,1,83,58,0,0
1627021380000,88,68,0,0,26,1,92,63,78,54,0,1
1627021385000,87,0,0,25,0,1,100,35,0,0,0,0
1627021390000,95,0,0,93,0,28,87,55,0,0,0,0
1627021395000,99,0,0,47,0,0,68,12,0,0,0,26
1627021400000,86,0,0,62,0,75,97,81,0,0,0,0
1627021405000,87,0,0,10,0,50,88,15,0,0,0,0
1627021410000,83,11,0,65,0,59,85,64,0,32,19,0
1627021415000,87,0,1,63,1,0,90,1,99,38,0,0
1627021420000,88,0,0,15,0,49,89,0,99,46,0,0
1627021425000,86,0,0,0,0,0,85,0,98,36,0,0
1627021430000,99,0,94,68,0,0,87,45,86,31,0,1
1627021435000,81,0,72,43,62,22,89,57,81,3,0,0
1627021440000,100,5,49,29,50,0,99,42,81,49,2,0
1627021445000,94,0,63,73,68,20,96,55,87,31,0,0
1627021450000,99,0,0,54,0,0,99,26,98,37,64,0
1627021455000,83,69,39,77,48,40,94,59,98,54,30,0
1627021460000,98,67,47,31,46,71,98,63,98,31,35,0
1627021465000,99,0,57,66,80,57,99,27,86,31,19,95
1627021470000,99,36,71,29,75,1,98,0,97,53,0,50
1627021475000,99,18,57,63,45,46,86,7,100,33,0,17
1627021480000,100,43,79,1,43,0,87,0,99,35,55,11
1627021485000,87,32,50,73,59,66,89,89,98,43,0,69
1627021490000,89,40,70,0,48,28,98,32,99,37,48,5
1627021495000,89,10,53,40,69,0,99,49,100,43,1,69
1627021500000,99,54,67,0,75,35,89,50,99,35,67,0
1627021505000,96,0,0,0,0,0,99,0,0,47,0,6
1627021510000,89,0,0,0,0,0,98,0,0,44,0,13
1627021515000,99,0,0,0,0,0,96,0,0,39,0,0
1627021520000,98,0,0,0,0,68,100,0,0,31,0,49
1627021525000,99,0,0,0,42,18,88,0,0,56,0,0
1627021530000,89,0,0,0,31,3,99,0,0,31,0,60
1627021535000,96,12,0,0,37,56,87,0,0,52,0,0
1627021540000,88,0,0,0,53,18,89,4,31,51,0,14
1627021545000,99,0,2,0,41,0,98,13,0,53,0,49
1627021550000,88,0,81,0,47,0,89,0,0,31,0,0
1627021555000,87,0,71,0,44,0,99,0,0,46,0,0
1627021560000,99,0,99,0,53,0,100,0,0,40,0,69
1627021565000,96,0,98,0,39,0,99,0,0,34,58,38
1627021570000,54,0,99,0,31,0,98,6,4,35,54,65
1627021575000,99,0,98,43,31,64,58,0,0,31,48,33
1627021580000,92,0,99,56,79,0,92,0,0,37,45,30
1627021585000,85,45,99,34,31,12,89,21,38,40,50,63
1627021590000,90,36,95,34,31,0,88,0,6,34,35,20
1627021595000,98,39,99,47,46,0,94,33,17,31,51,68
1627021600000,100,26,84,33,54,0,89,48,1,31,52,0
1627021605000,98,0,95,34,48,0,82,0,68,45,34,68
1627021610000,100,0,89,56,31,0,98,0,48,35,49,10
1627021615000,87,12,99,55,47,90,89,68,0,32,52,59
1627021620000,55,5,97,37,31,0,100,18,11,58,1,0
1627021625000,90,61,99,54,41,66,90,31,0,41,54,54
1627021630000,89,29,100,57,45,1,96,0,26,34,56,52
1627021635000,90,68,90,3,58,0,99,62,67,49,57,61
1627021640000,89,57,99,34,33,55,98,62,89,41,59,20
1627021645000,99,0,85,59,55,46,89,0,17,0,41,65
1627021650000,99,13,99,60,31,0,99,12,62,58,34,0
1627021655000,89,0,80,34,30,24,90,0,46,48,49,38
1627021660000,93,0,82,62,33,48,90,0,62,44,38,53
1627021665000,90,18,97,47,42,39,88,27,51,61,55,51
1627021670000,90,68,100,34,52,0,89,68,60,79,34,66
1627021675000,100,0,99,34,48,0,96,33,43,36,43,23
1627021680000,97,0,86,36,31,25,99,14,4,33,34,42
1627021685000,99,40,90,39,57,66,95,68,60,49,64,4
1627021690000,90,15,86,3,87,66,96,41,53,43,48,0
1627021695000,83,0,82,34,31,75,98,0,0,39,57,28
1627021700000,100,0,80,43,31,57,89,1,0,31,37,0
1627021705000,90,0,89,37,34,0,86,5,0,43,45,84
1627021710000,98,68,89,41,39,43,99,15,20,31,57,0
1627021715000,89,22,85,41,38,64,88,69,4,31,41,56
1627021720000,89,58,88,34,33,9,99,54,19,51,43,69
1627021725000,98,0,96,34,31,66,86,68,63,42,63,69
1627021730000,90,37,98,49,31,0,99,49,0,34,58,47
1627021735000,99,69,91,41,48,66,89,0,55,61,41,69
1627021740000,96,66,91,34,39,66,91,0,18,40,43,69
1627021745000,88,69,85,0,47,0,90,34,36,54,35,46
1627021750000,100,27,86,56,31,0,94,68,21,46,53,11
1627021755000,89,1,98,46,32,23,90,32,0,45,38,63
1627021760000,89,0,99,57,33,41,88,0,15,52,38,55
1627021765000,99,0,99,50,31,0,88,24,0,36,51,31
1627021770000,100,1,90,36,31,79,99,0,17,31,59,0
1627021775000,99,54,100,48,31,66,90,6,67,52,47,32
1627021780000,99,60,63,43,33,0,100,0,68,41,53,4
1627021785000,87,35,98,55,54,40,99,0,28,31,40,50
1627021790000,96,69,87,47,31,10,99,55,68,36,56,22
1627021795000,97,8,100,52,50,66,88,54,66,50,34,68
1627021800000,87,56,85,34,79,65,84,68,25,88,44,0
1627021805000,90,7,100,37,38,0,95,48,42,46,51,2
1627021810000,99,1,86,36,31,28,100,1,82,34,85,28
1627021815000,90,19,98,49,43,17,89,1,28,43,34,0
1627021820000,90,61,88,34,31,35,90,25,49,31,34,0
1627021825000,88,17,83,47,38,0,89,24,38,41,34,40
1627021830000,97,38,99,34,52,58,88,39,68,48,35,32
1627021835000,100,43,99,43,31,11,100,0,68,53,36,0
1627021840000,99,69,94,58,44,0,89,0,0,44,56,3
1627021845000,87,63,83,34,31,80,99,50,68,52,57,0
1627021850000,86,69,92,39,31,0,89,19,6,53,40,15
1627021855000,95,69,88,45,0,66,100,25,50,36,56,0
1627021860000,88,0,89,56,31,0,99,68,0,50,38,77
1627021865000,99,57,99,47,39,1,95,46,0,46,85,48
1627021870000,90,66,84,34,31,55,100,27,0,31,42,24
1627021875000,81,62,87,34,31,54,99,53,58,30,46,0
1627021880000,87,0,89,15,39,0,89,59,67,59,61,0
1627021885000,86,0,89,54,30,66,90,68,0,34,55,0
1627021890000,87,0,86,34,31,0,90,0,48,36,44,22
1627021895000,99,44,86,60,31,66,94,65,49,47,48,0
1627021900000,98,1,95,43,31,3,100,68,68,31,51,4
1627021905000,90,33,88,34,31,32,99,0,48,49,60,4
1627021910000,100,7,99,55,39,66,90,13,67,31,34,22
1627021915000,7,10,98,60,34,0,88,5,43,56,44,0
1627021920000,91,8,99,46,41,51,85,38,40,55,88,66
1627021925000,99,1,94,53,43,0,96,0,52,46,46,69
1627021930000,98,14,89,34,31,66,89,12,0,0,34,0
1627021935000,99,36,87,0,35,0,99,45,7,49,49,69
1627021940000,99,0,84,62,0,19,99,59,0,41,36,1
1627021945000,87,0,88,34,31,6,100,1,25,31,38,53
1627021950000,100,15,99,34,59,66,99,0,38,46,34,0
1627021955000,98,35,0,39,31,4,98,0,19,38,35,65
1627021960000,99,44,98,87,32,61,99,4,0,50,52,20
1627021965000,99,49,99,40,52,8,100,61,0,30,35,31
1627021970000,95,19,87,34,35,15,87,0,0,62,61,24
1627021975000,94,37,100,48,54,19,99,0,40,36,86,69
1627021980000,100,17,94,34,49,49,95,56,9,32,42,50
1627021985000,90,20,87,52,35,0,97,48,0,42,61,0
1627021990000,87,59,88,58,50,46,99,68,0,48,37,0
1627021995000,86,12,89,57,0,0,89,69,0,42,34,53
1627022000000,90,49,100,40,37,43,87,30,22,40,34,14
1627022005000,97,19,83,56,46,0,99,9,0,56,39,64
1627022010000,99,69,89,34,31,66,83,0,21,34,43,19
1627022015000,98,0,96,83,34,0,99,19,33,31,41,54
1627022020000,89,0,100,45,31,4,86,24,0,31,52,11
1627022025000,99,0,99,39,39,48,99,51,55,39,59,18
1627022030000,95,69,98,34,31,46,89,34,46,49,3,20
1627022035000,99,0,89,50,45,0,81,61,50,40,52,49
1627022040000,98,28,88,43,39,66,94,87,45,31,59,45
1627022045000,87,68,86,44,31,57,100,43,10,40,40,0
1627022050000,99,21,93,55,74,0,100,0,38,44,54,0
1627022055000,94,0,99,34,31,66,90,0,48,32,50,0
1627022060000,100,48,88,39,48,0,90,22,41,67,60,0
1627022065000,89,7,89,45,44,0,87,49,2,52,59,5
1627022070000,83,0,89,1,31,47,100,5,0,35,60,53
1627022075000,90,35,96,40,31,66,84,68,0,47,51,49
1627022080000,98,47,99,45,55,0,85,0,19,33,35,28
1627022085000,88,34,85,50,37,0,99,2,0,39,34,0
1627022090000,99,16,99,44,46,62,86,0,0,56,55,24
1627022095000,98,6,90,34,43,0,99,53,0,37,57,23
1627022100000,95,69,100,34,58,1,97,15,51,50,61,69
1627022105000,100,0,99,41,71,0,99,0,0,56,35,1
1627022110000,88,72,90,56,36,39,96,24,0,39,88,0
1627022115000,93,29,92,56,47,25,88,58,15,41,45,69
1627022120000,88,53,89,53,31,58,95,0,67,36,34,61
1627022125000,99,45,89,37,50,6,89,9,24,34,34,47
1627022130000,88,59,0,34,33,18,87,27,1,47,38,67
1627022135000,98,0,98,34,33,66,88,52,0,31,39,0
1627022140000,99,0,89,44,41,0,95,53,42,36,59,61
1627022145000,95,14,90,60,43,27,99,57,63,55,55,63
1627022150000,99,53,89,86,49,63,99,69,15,51,34,0
1627022155000,100,0,100,38,31,0,0,0,46,46,53,0
1627022160000,86,53,99,34,58,0,88,59,62,48,34,23
1627022165000,0,0,89,0,55,0,0,0,0,43,0,4
1627022170000,0,0,99,0,50,0,0,7,0,39,0,84
1627022175000,0,0,88,0,54,0,0,0,0,50,0,0
1627022180000,0,0,95,0,30,0,0,0,0,39,0,47
1627022185000,0,0,99,0,46,0,0,0,0,50,0,1
1627022190000,0,0,95,3,37,0,0,0,0,4,0,0
1627022195000,12,0,99,0,48,0,0,69,0,40,0,0
1627022200000,0,3,100,0,60,0,0,47,0,31,0,68
1627022205000,0,0,99,16,31,0,52,67,0,48,0,13
1627022210000,0,0,100,99,31,0,46,68,0,42,49,14
1627022215000,0,0,90,84,45,0,36,68,84,50,58,59
1627022220000,0,99,100,98,31,0,44,54,89,53,61,7
1627022225000,2,80,99,83,47,0,39,49,89,31,44,4
1627022230000,0,100,87,83,43,0,35,69,84,34,41,53
1627022235000,14,99,85,86,52,0,43,69,99,44,56,66
1627022240000,64,98,91,88,30,0,41,3,100,36,0,64
1627022245000,0,99,89,93,31,0,50,6,89,57,37,0
1627022250000,0,96,96,99,38,38,58,0,98,31,59,26
1627022255000,67,99,100,81,45,0,51,68,99,31,56,56
1627022260000,0,80,100,88,31,67,57,54,93,31,49,27
1627022265000,33,99,90,97,31,0,0,65,0,53,34,59
1627022270000,63,69,86,99,57,18,35,86,48,74,49,3
1627022275000,53,0,84,99,51,8,47,51,100,31,43,0
1627022280000,67,69,86,98,31,0,58,16,100,43,59,26
1627022285000,67,100,99,98,34,6,44,42,98,31,54,0
1627022290000,0,85,89,99,34,0,35,0,85,34,53,56
1627022295000,0,89,99,99,8,20,58,1,93,42,34,22
1627022300000,0,84,83,99,31,48,49,1,88,31,34,0
1627022305000,67,99,95,88,48,0,39,14,87,31,35,65
1627022310000,40,87,86,98,31,68,35,60,85,34,39,54
1627022315000,32,88,89,100,49,62,48,65,99,31,49,52
1627022320000,67,99,100,86,43,0,35,38,99,31,67,0
1627022325000,16,75,98,97,31,4,35,22,95,31,56,80
1627022330000,0,85,100,83,31,0,68,61,82,45,55,7
1627022335000,67,95,85,74,31,52,34,66,99,31,41,0
1627022340000,67,100,99,99,31,54,46,60,85,30,37,56
1627022345000,67,99,87,99,30,7,87,62,97,47,48,26
1627022350000,36,85,84,100,53,0,56,2,99,1,87,69
1627022355000,40,86,98,87,33,1,35,47,99,31,52,46
1627022360000,27,77,100,99,50,7,52,0,95,31,34,50
1627022365000,67,84,95,93,31,0,47,1,89,39,37,0
1627022370000,46,99,98,84,26,9,49,52,89,44,34,0
1627022375000,32,97,99,89,31,0,35,68,89,58,41,0
1627022380000,0,89,98,88,45,47,38,0,98,40,60,0
1627022385000,67,100,97,97,31,41,54,0,96,36,41,0
1627022390000,51,89,90,99,52,34,54,0,99,37,35,63
1627022395000,0,97,85,85,34,67,35,13,86,45,34,35
1627022400000,39,99,99,85,30,80,87,54,99,51,42,60
1627022405000,0,92,87,84,31,68,18,1,88,35,87,2
1627022410000,0,89,85,84,31,22,45,0,99,48,34,60
1627022415000,45,86,86,100,32,55,60,69,85,32,40,66
1627022420000,0,89,91,86,46,4,55,50,88,41,57,41
1627022425000,6,99,95,88,41,68,56,55,89,31,53,0
1627022430000,17,99,98,83,86,49,35,18,99,52,35,38
1627022435000,48,81,100,74,31,11,59,47,100,31,48,22
1627022440000,0,88,91,84,40,24,35,46,99,39,50,69
1627022445000,18,83,98,95,31,52,57,21,97,41,50,51
1627022450000,57,89,99,99,31,0,41,46,100,34,47,58
1627022455000,67,95,83,83,36,0,86,67,96,49,38,10
1627022460000,43,95,82,84,38,0,43,64,86,37,5,69
1627022465000,6,99,89,89,51,31,35,7,98,31,31,7
1627022470000,80,88,99,82,31,36,35,0,99,50,38,42
1627022475000,46,72,90,84,55,45,35,69,99,56,43,50
1627022480000,0,100,97,99,36,59,53,0,87,48,52,0
1627022485000,55,99,99,87,36,24,35,0,86,11,35,22
1627022490000,18,85,99,100,32,67,59,28,87,31,58,19
1627022495000,9,99,89,86,38,27,40,36,88,34,50,26
1627022500000,67,85,94,44,42,41,52,42,86,30,34,64
1627022505000,67,99,89,86,31,29,38,0,5,31,34,52
1627022510000,13,99,98,83,52,68,85,8,87,40,48,29
1627022515000,8,95,98,82,50,13,58,25,99,44,44,63
1627022520000,0,85,99,87,35,26,53,1,83,31,44,36
1627022525000,57,85,86,97,32,28,35,0,98,57,41,29
1627022530000,8,97,88,99,41,56,45,0,100,45,37,0
1627022535000,3,87,90,85,31,48,34,0,64,52,40,39
1627022540000,52,80,94,100,49,32,39,0,85,49,16,18
1627022545000,50,96,99,88,31,2,48,33,80,33,46,0
1627022550000,2,89,99,99,50,35,44,70,92,50,34,39
1627022555000,67,90,90,99,33,33,60,47,87,34,59,24
1627022560000,0,90,80,93,39,37,62,0,96,33,34,45
1627022565000,55,89,100,89,85,0,89,43,83,11,37,43
1627022570000,0,0,99,83,56,39,51,0,100,31,50,67
1627022575000,40,83,86,88,35,0,56,0,100,48,48,9
1627022580000,10,98,88,89,47,12,45,31,88,35,58,28
1627022585000,26,85,89,88,31,68,35,2,83,51,35,69
1627022590000,65,90,92,98,47,0,38,0,100,31,52,0
1627022595000,0,85,0,84,46,7,42,0,82,31,88,37
1627022600000,55,100,100,98,31,0,35,57,82,38,51,47
1627022605000,14,94,88,99,31,22,35,68,100,47,62,69
1627022610000,1,83,100,99,31,0,35,68,88,31,53,0
1627022615000,0,99,85,96,31,0,40,0,85,31,51,0
1627022620000,32,100,99,96,53,67,88,68,97,31,53,0
1627022625000,67,90,90,99,51,0,35,14,99,47,57,14
1627022630000,50,96,98,99,31,48,57,14,88,42,50,69
1627022635000,0,83,90,99,31,0,35,33,87,57,62,69
1627022640000,18,79,89,89,51,8,35,69,91,31,34,1
1627022645000,0,99,100,99,31,29,35,55,89,40,49,0
1627022650000,5,87,91,99,37,66,41,38,99,48,89,0
1627022655000,64,99,97,99,45,8,56,14,88,36,55,0
1627022660000,67,100,91,99,31,0,40,39,98,52,57,24
1627022665000,39,99,93,89,31,24,35,59,99,31,49,68
1627022670000,0,99,100,100,33,28,56,68,88,46,55,60
1627022675000,11,89,99,86,31,22,86,68,99,52,36,47
1627022680000,41,100,90,95,31,29,49,45,97,45,35,54
1627022685000,67,89,88,4,39,67,60,0,99,52,56,23
1627022690000,67,95,88,0,34,20,37,26,99,31,57,0
1627022695000,0,0,89,0,9,0,35,0,,,,
1627022700000,0,0,87,0,0,32,35,0,99,53,0,0
1627022705000,0,0,80,0,0,0,35,0,99,33,0,0
1627022710000,0,0,87,0,0,1,62,0,99,31,0,0
1627022715000,0,0,96,0,0,24,43,0,83,46,0,0
1627022720000,0,0,99,0,0,47,35,0,99,31,0,0
1627022725000,0,0,99,0,16,52,41,12,98,40,0,0
1627022730000,0,0,87,0,0,0,67,0,87,0,0,0
1627022735000,89,1,67,0,0,11,46,0,88,0,4,11
1627022740000,49,38,90,0,0,0,38,0,96,0,98,0
1627022745000,39,59,83,0,0,0,35,0,88,0,86,0
1627022750000,47,31,99,0,0,0,40,0,86,0,99,0
1627022755000,47,45,98,0,96,50,58,4,89,0,99,0
1627022760000,48,40,100,0,0,57,35,0,94,0,99,0
1627022765000,39,81,84,0,0,68,35,67,88,0,100,87
1627022770000,56,32,97,0,69,1,52,33,99,0,97,26
1627022775000,0,31,85,0,0,23,35,28,99,0,100,6
1627022780000,0,42,89,19,60,27,42,1,99,0,89,2
1627022785000,0,37,99,0,0,53,53,32,98,0,90,14
1627022790000,0,32,100,68,65,0,57,0,98,0,99,68
1627022795000,0,31,85,2,16,45,58,0,95,0,97,55
1627022800000,0,31,98,0,0,13,45,0,80,0,89,29
1627022805000,0,42,89,7,58,0,54,26,86,0,89,44
1627022810000,0,31,99,45,0,0,54,43,87,0,89,0
1627022815000,0,41,99,46,48,68,59,29,,,,
1627022820000,0,0,0,44,0,67,50,0,86,0,87,0
1627022825000,0,0,0,0,0,67,35,0,98,0,99,0
1627022830000,52,0,0,33,0,43,35,0,68,0,90,0
1627022835000,46,0,0,14,0,22,35,0,97,1,100,0
1627022840000,31,0,0,69,0,0,51,0,100,0,100,0
1627022845000,31,0,0,4,0,0,40,0,100,0,90,0
1627022850000,48,1,0,68,0,7,50,0,99,0,98,0
1627022855000,0,0,0,0,0,10,43,0,95,79,95,1
1627022860000,31,0,0,10,0,45,52,0,85,88,100,31
1627022865000,31,0,0,8,0,0,61,0,87,84,100,31
1627022870000,47,0,0,68,0,24,53,0,98,95,99,36
1627022875000,44,0,2,0,0,40,56,1,100,87,90,36
1627022880000,53,0,34,67,20,60,35,0,100,84,99,34
1627022885000,36,0,44,63,44,71,35,68,89,82,99,0
1627022890000,42,0,34,0,18,18,36,68,99,99,100,31
1627022895000,34,6,60,68,0,68,86,53,100,86,100,31
1627022900000,45,0,55,68,34,55,38,21,99,85,98,31
1627022905000,32,31,34,45,0,0,38,68,85,88,99,48
1627022910000,31,27,43,20,0,63,35,58,99,91,99,54
1627022915000,43,0,50,27,0,67,44,10,95,98,95,57
1627022920000,34,1,60,0,1,41,35,0,99,99,99,52
1627022925000,31,16,43,6,59,54,51,48,85,99,86,41
1627022930000,36,0,36,25,68,68,56,67,87,91,99,38
1627022935000,37,55,41,46,62,24,34,68,99,92,86,43
1627022940000,34,28,43,48,30,25,55,68,98,88,88,84
1627022945000,34,18,44,66,19,0,51,8,88,89,99,51
1627022950000,50,5,34,0,4,0,35,30,98,89,89,31
1627022955000,54,48,53,51,0,38,35,38,89,85,99,31
1627022960000,51,36,34,60,58,0,44,3,88,79,86,31
1627022965000,57,39,57,48,46,29,35,0,88,89,91,36
1627022970000,42,41,51,37,68,25,35,54,90,96,0,31
1627022975000,54,0,34,35,37,41,87,17,96,88,84,33
1627022980000,31,0,37,63,0,0,38,39,99,90,88,31
1627022985000,38,0,48,68,0,10,61,50,87,86,99,38
1627022990000,31,66,34,0,0,31,62,65,89,84,89,34
1627022995000,50,60,53,12,28,23,57,28,87,91,100,87
1627023000000,39,43,57,0,26,16,46,8,85,90,88,34
1627023005000,47,55,55,35,68,68,55,68,85,88,100,30
1627023010000,30,30,47,32,68,0,0,68,89,90,91,45
1627023015000,52,4,89,49,0,0,0,0,89,86,86,31
1627023020000,54,47,34,8,51,64,0,68,92,91,98,51
1627023025000,43,56,46,0,20,0,0,55,87,99,66,61
1627023030000,31,0,48,20,48,68,0,69,0,95,96,0
1627023035000,35,0,38,0,0,68,0,88,84,98,92,0
1627023040000,40,24,34,0,68,29,0,59,100,99,99,0
1627023045000,51,20,52,24,65,45,0,2,98,98,99,0
1627023050000,45,70,46,69,68,0,0,0,94,91,100,0
1627023055000,31,0,46,54,57,0,0,0,0,76,99,0
1627023060000,0,70,39,19,0,0,0,0,0,0,85,0
1627023065000,0,70,35,45,0,0,0,0,0,0,100,0
1627023070000,0,12,3,50,0,0,0,0,0,0,88,45
1627023075000,0,70,35,9,0,0,0,0,0,0,98,31
1627023080000,0,1,57,0,0,0,100,0,0,0,82,61
1627023085000,0,57,41,69,0,0,99,0,0,0,99,43
1627023090000,0,0,34,0,0,11,99,0,0,0,96,31
1627023095000,0,11,43,3,0,0,98,5,0,31,100,38
1627023100000,85,56,54,37,0,0,99,0,0,31,80,37
1627023105000,89,41,56,66,0,0,99,0,0,41,98,31
1627023110000,88,62,46,64,0,0,99,0,0,43,99,30
1627023115000,99,69,55,0,0,0,86,86,68,35,99,49
1627023120000,100,24,53,0,0,0,88,89,66,31,99,31
1627023125000,72,3,1,29,3,69,99,87,12,31,86,45
1627023130000,99,52,34,11,26,33,90,74,29,48,100,54
1627023135000,81,0,34,60,29,69,95,95,59,33,89,37
1627023140000,83,22,37,69,0,22,99,99,21,41,85,52
1627023145000,89,0,49,0,0,12,100,69,69,77,99,31
1627023150000,99,49,50,65,14,61,89,90,93,31,5,0
1627023155000,96,38,57,11,63,14,88,84,0,39,87,58
1627023160000,100,28,49,0,10,0,87,99,55,31,98,50
1627023165000,99,33,34,68,0,13,84,99,69,31,85,36
1627023170000,89,0,50,0,15,9,80,94,52,31,98,33
1627023175000,84,0,34,69,62,17,99,81,42,31,99,31
1627023180000,88,33,84,58,0,0,84,86,37,31,85,34
1627023185000,99,30,51,69,4,20,70,86,59,53,89,45
1627023190000,88,70,48,58,37,0,99,99,18,39,92,49
1627023195000,100,64,60,0,57,28,95,100,8,33,99,31
1627023200000,94,49,39,20,0,0,87,99,37,0,96,56
1627023205000,89,58,40,69,24,18,99,84,0,54,95,49
1627023210000,96,31,39,0,28,2,100,88,49,49,3,33
1627023215000,87,30,38,36,57,40,100,86,0,31,2,31
1627023220000,88,38,35,4,14,22,89,89,54,31,0,40
1627023225000,99,11,55,0,0,0,0,0,0,53,0,38
1627023230000,83,48,49,0,0,0,0,0,0,47,0,43
1627023235000,96,0,87,0,0,0,0,0,0,31,0,42
1627023240000,68,21,13,0,0,0,0,0,0,31,0,46
1627023245000,85,54,34,0,0,0,0,0,0,47,0,34
1627023250000,89,70,41,11,0,0,0,0,0,56,0,39
1627023255000,99,26,43,0,0,0,0,2,0,31,0,0
1627023260000,99,27,34,0,4,0,0,0,0,31,0,48
1627023265000,86,23,45,0,73,1,0,0,0,31,0,54
1627023270000,95,8,34,0,90,0,0,0,12,31,0,35
1627023275000,90,0,56,0,87,0,0,0,0,51,4,31
1627023280000,81,0,41,0,81,0,88,0,0,31,87,46
1627023285000,88,27,45,15,89,0,65,35,0,31,99,40
1627023290000,88,70,34,68,87,19,61,56,0,44,99,53
1627023295000,99,70,34,0,89,65,28,95,0,31,72,49
1627023300000,99,70,42,49,89,48,60,49,1,33,87,58
1627023305000,90,23,35,0,99,0,45,35,0,32,100,31
1627023310000,88,70,50,68,99,0,0,52,17,31,86,31
1627023315000,86,70,34,35,98,66,0,54,16,50,88,31
1627023320000,98,0,17,27,95,86,3,35,0,34,73,53
1627023325000,99,16,51,41,89,68,51,35,40,39,99,50
1627023330000,94,38,34,2,87,67,32,41,67,51,91,31
1627023335000,88,0,56,10,99,0,0,85,50,51,96,0
1627023340000,98,0,42,0,99,68,89,58,67,31,99,31
1627023345000,82,3,34,68,71,44,68,39,0,45,100,36
1627023350000,86,22,38,7,89,29,0,48,31,40,100,31
1627023355000,99,88,52,42,100,0,1,51,8,39,88,37
1627023360000,89,27,54,68,88,0,0,57,49,75,88,34
1627023365000,90,66,54,53,99,58,63,35,15,55,88,36
1627023370000,99,45,35,29,99,7,66,41,66,42,98,31
1627023375000,86,70,86,36,89,51,67,43,67,51,99,31
1627023380000,99,0,38,45,95,48,68,45,67,38,98,43
1627023385000,0,5,34,68,99,8,0,51,80,46,99,32
1627023390000,99,55,53,19,99,14,20,1,50,31,100,39
1627023395000,94,55,40,3,90,68,50,35,37,32,96,36
1627023400000,100,0,34,0,91,14,10,35,58,40,85,31
1627023405000,96,0,42,60,85,68,61,35,49,54,99,46
1627023410000,89,37,34,0,100,50,28,65,66,31,100,31
1627023415000,98,69,34,13,88,0,27,60,0,0,99,79
1627023420000,99,1,34,0,89,0,67,50,32,42,99,41
1627023425000,100,0,56,10,99,0,68,41,67,36,100,35
1627023430000,99,83,86,26,81,21,19,35,0,46,100,52
1627023435000,88,0,34,5,7,1,31,47,0,31,90,35
1627023440000,99,70,54,0,80,68,83,35,17,51,89,36
1627023445000,96,70,34,49,91,1,3,4,24,31,87,35
1627023450000,99,70,34,54,87,68,0,35,14,57,99,36
1627023455000,100,70,34,0,99,68,0,49,58,31,96,31
1627023460000,85,11,43,6,89,30,19,56,46,31,77,43
1627023465000,89,70,50,51,99,67,4,44,0,31,99,54
1627023470000,87,0,43,65,87,36,1,55,0,31,89,31
1627023475000,100,44,42,64,99,0,16,60,0,43,98,35
1627023480000,89,12,34,69,94,43,0,35,0,44,89,58
1627023485000,100,55,55,1,84,68,0,35,44,33,99,52
1627023490000,98,47,34,27,89,29,62,35,40,31,88,42
1627023495000,98,9,34,67,96,68,36,35,36,31,88,5
1627023500000,100,23,44,43,99,0,60,38,31,31,89,31
1627023505000,95,0,48,68,99,1,22,39,0,48,88,32
1627023510000,99,70,36,68,99,1,23,59,42,31,97,31
1627023515000,99,61,57,68,98,42,0,35,10,39,88,34
1627023520000,99,0,56,57,99,5,42,42,12,39,97,41
1627023525000,99,20,34,0,99,0,16,37,6,37,99,39
1627023530000,83,70,34,0,83,58,14,36,0,32,85,31
1627023535000,88,3,53,57,98,9,0,35,35,33,100,31
1627023540000,89,0,46,24,90,32,7,56,75,42,99,56
1627023545000,89,0,34,78,100,55,68,35,47,41,89,40
1627023550000,70,41,39,65,91,0,56,59,67,51,99,55
1627023555000,99,59,36,5,96,14,48,46,0,31,100,43
1627023560000,0,5,44,68,90,61,48,35,0,49,92,31
1627023565000,82,42,53,0,99,1,0,50,62,32,99,41
1627023570000,88,0,1,0,86,48,0,35,19,36,96,50
1627023575000,89,55,36,19,83,48,7,40,67,34,98,84
1627023580000,83,1,52,18,87,21,23,88,4,50,99,31
1627023585000,99,59,55,32,87,6,68,35,58,45,88,31
1627023590000,89,0,59,52,88,64,63,62,68,46,89,48
1627023595000,85,67,34,82,100,0,84,58,63,53,90,31
1627023600000,89,25,54,0,89,21,37,7,43,31,87,60
1627023605000,99,0,44,0,99,0,28,55,0,9,89,52
1627023610000,100,70,34,0,29,65,0,39,31,31,99,47
1627023615000,98,9,35,29,81,42,0,55,67,45,95,31
1627023620000,96,43,58,47,89,23,55,36,0,31,99,50
1627023625000,87,43,88,17,99,0,0,35,1,31,100,35
1627023630000,86,4,46,59,90,68,39,36,50,39,95,38
1627023635000,90,22,34,50,100,0,6,87,67,30,99,31
1627023640000,90,25,34,67,91,35,0,35,59,38,99,32
1627023645000,98,0,39,11,90,22,0,46,17,48,89,32
1627023650000,87,60,50,9,87,61,68,42,20,31,99,54
1627023655000,99,0,55,57,99,0,44,36,53,31,99,82
1627023660000,89,4,46,60,100,8,44,46,43,0,86,42
1627023665000,100,70,50,20,90,6,0,45,13,31,99,31
1627023670000,69,69,34,68,97,0,36,53,68,32,99,31
1627023675000,90,70,34,45,99,67,66,35,68,53,90,37
1627023680000,95,46,87,37,84,0,18,63,0,50,99,54
1627023685000,100,0,34,1,91,0,4,37,0,41,0,31
1627023690000,89,32,34,0,89,0,0,83,0,0,84,37
1627023695000,99,67,34,0,91,0,0,35,72,0,99,48
1627023700000,89,6,58,2,100,0,0,35,43,0,89,36
1627023705000,99,56,62,0,89,0,0,35,67,0,86,39
1627023710000,86,15,36,0,100,0,0,50,62,0,84,47
1627023715000,85,40,55,0,98,0,3,43,0,12,100,47
1627023720000,99,57,60,0,100,0,49,35,22,0,100,52
1627023725000,97,0,57,10,88,0,31,35,0,0,99,31
1627023730000,89,0,34,45,97,0,31,55,5,0,100,54
1627023735000,0,70,34,45,99,0,34,46,32,0,99,1
1627023740000,87,70,42,60,90,0,45,50,0,0,99,38
1627023745000,99,70,43,93,91,0,50,87,0,96,95,44
1627023750000,73,4,45,62,99,7,48,41,50,64,83,31
1627023755000,99,41,56,56,99,56,31,54,31,37,90,39
1627023760000,100,0,36,51,84,0,52,52,30,0,99,47
1627023765000,99,25,62,58,99,44,39,47,62,53,89,52
1627023770000,100,34,34,43,99,89,36,52,43,0,100,31
1627023775000,89,66,34,57,91,65,31,36,22,52,98,39
1627023780000,99,11,34,43,93,11,31,64,43,68,98,48
1627023785000,89,69,34,50,0,0,37,56,23,21,97,39
1627023790000,98,2,49,39,100,59,33,52,0,8,90,49
1627023795000,96,32,51,43,99,44,51,35,0,15,100,32
1627023800000,87,29,58,37,99,13,31,3,53,5,99,37
1627023805000,100,70,51,87,100,0,40,35,60,22,95,43
1627023810000,98,0,30,57,90,3,51,36,0,12,80,31
1627023815000,100,44,53,41,94,0,31,46,0,17,88,38
1627023820000,99,0,0,52,99,21,31,35,0,0,99,48
1627023825000,100,11,43,59,92,84,33,46,34,6,99,43
1627023830000,99,59,57,57,87,0,22,35,39,1,84,51
1627023835000,100,7,51,55,98,0,31,47,48,68,99,32
1627023840000,98,70,34,34,89,9,31,43,64,5,99,6
1627023845000,87,44,41,36,96,20,54,46,65,0,98,43
1627023850000,87,70,51,37,89,0,47,40,85,21,98,45
1627023855000,96,27,34,34,88,26,42,2,27,12,89,51
1627023860000,99,10,43,55,90,19,32,59,67,22,99,31
1627023865000,84,37,60,47,84,25,31,39,52,68,96,40
1627023870000,99,0,62,34,90,17,50,35,54,43,100,31
1627023875000,95,27,50,34,99,48,42,44,67,14,99,47
1627023880000,100,29,34,34,99,0,31,55,55,0,86,49
1627023885000,86,87,49,84,99,0,34,56,0,7,100,30
1627023890000,84,0,47,48,91,32,31,35,6,68,96,54
1627023895000,99,49,35,63,90,38,31,38,0,45,95,32
1627023900000,89,70,34,37,90,64,43,37,45,0,100,38
1627023905000,99,24,40,34,97,67,56,57,63,27,99,31
1627023910000,11,22,34,57,90,0,87,38,68,0,89,44
1627023915000,84,51,36,34,90,22,31,49,0,44,87,33
1627023920000,87,1,51,34,91,0,48,35,66,68,95,54
1627023925000,99,70,34,52,100,0,51,56,20,68,87,35
1627023930000,83,8,87,44,89,41,51,60,48,61,99,31
1627023935000,100,26,55,34,89,64,31,2,68,37,87,31
1627023940000,88,35,55,49,99,67,52,42,0,0,88,42
1627023945000,88,69,49,59,99,0,50,35,1,67,86,79
1627023950000,89,69,43,34,99,35,35,57,56,68,99,47
1627023955000,99,70,55,34,90,26,31,35,67,26,100,54
1627023960000,99,58,42,45,97,62,31,53,45,12,87,53
1627023965000,99,24,55,88,99,1,0,38,33,22,100,31
1627023970000,97,42,34,50,99,0,39,37,24,44,88,31
1627023975000,3,0,35,48,98,67,41,35,0,16,86,52
1627023980000,1,18,25,37,90,16,56,52,67,37,96,39
1627023985000,0,14,44,62,87,67,43,40,67,0,88,36
1627023990000,0,0,0,54,0,0,31,0,0,0,89,38
1627023995000,0,20,0,34,0,0,31,0,0,0,99,62
1627024000000,0,20,0,39,0,0,45,0,0,0,89,42
1627024005000,0,70,0,42,0,0,31,0,0,0,86,31
1627024010000,0,70,0,34,0,0,31,0,0,0,99,49
1627024015000,0,48,0,44,20,0,48,0,0,0,85,31
1627024020000,100,44,0,16,0,0,46,0,0,0,99,38
1627024025000,84,67,1,34,0,0,36,0,0,0,99,0
1627024030000,86,0,0,53,0,0,42,0,0,0,97,39
1627024035000,98,66,0,40,0,100,35,0,65,0,99,46
1627024040000,99,81,0,34,0,99,31,0,50,36,96,39
1627024045000,81,0,0,34,0,72,6,1,38,35,99,31
1627024050000,99,26,0,34,0,99,31,0,44,35,97,48
1627024055000,95,1,0,34,0,84,49,0,34,83,89,34
1627024060000,77,19,0,56,67,100,55,46,46,54,98,43
1627024065000,89,70,43,49,47,91,42,0,48,84,85,31
1627024070000,95,66,19,46,35,99,35,33,35,54,95,39
1627024075000,94,69,12,60,24,88,46,18,53,35,99,48
1627024080000,93,0,14,50,35,82,46,56,43,40,88,39
1627024085000,87,0,67,51,52,0,38,74,34,35,89,45
1627024090000,87,0,56,34,61,100,47,11,36,52,89,46
1627024095000,90,20,39,46,18,91,50,64,86,39,32,31
1627024100000,99,11,25,86,15,99,31,35,49,45,95,31
1627024105000,90,4,0,34,4,90,50,57,40,35,88,34
1627024110000,84,63,0,41,38,86,47,25,34,42,72,53
1627024115000,88,25,60,57,29,86,31,1,35,35,92,36
1627024120000,100,18,0,41,54,99,54,68,46,36,90,31
1627024125000,86,33,34,63,68,88,0,27,54,45,88,51
1627024130000,4,0,68,34,0,89,48,72,53,40,100,84
1627024135000,85,25,43,50,0,63,44,12,56,54,96,47
1627024140000,88,61,0,54,1,98,52,13,50,49,99,54
1627024145000,85,50,3,53,34,94,51,0,47,35,100,54
1627024150000,89,63,9,50,68,86,33,0,42,3,69,50
1627024155000,99,70,29,85,8,99,41,0,34,51,95,45
1627024160000,73,22,35,34,68,99,32,68,55,54,99,31
1627024165000,87,0,46,43,62,100,31,28,53,50,100,31
1627024170000,87,0,32,52,37,90,31,67,63,47,87,48
1627024175000,85,18,0,52,0,95,31,68,34,50,99,45
1627024180000,82,28,16,51,7,89,0,19,1,37,99,31
1627024185000,99,13,0,40,5,99,49,8,52,35,85,53
1627024190000,95,70,18,48,40,98,31,68,34,37,99,41
1627024195000,98,86,14,48,56,97,49,0,34,35,99,30
1627024200000,99,15,6,34,68,89,49,31,48,47,100,37
1627024205000,89,48,0,35,68,95,33,0,35,70,90,32
1627024210000,88,0,19,6,81,91,54,58,62,36,98,0
1627024215000,88,10,7,45,54,89,31,11,52,41,96,46
1627024220000,91,63,0,35,44,99,48,68,36,36,88,31
1627024225000,89,11,0,40,68,99,31,55,39,36,97,31
1627024230000,99,70,11,38,5,88,42,68,36,48,100,46
1627024235000,99,54,56,55,66,87,38,21,82,35,99,42
1627024240000,99,70,58,34,62,99,31,50,41,60,99,48
1627024245000,99,50,67,34,1,99,47,34,50,45,90,31
1627024250000,96,12,29,34,19,99,38,0,47,52,88,47
1627024255000,100,43,63,56,60,90,37,43,34,35,90,31
1627024260000,100,4,67,41,54,96,88,62,34,35,87,31
1627024265000,98,2,0,0,9,99,37,0,34,35,99,41
1627024270000,83,22,0,54,39,74,0,0,43,50,99,44
1627024275000,0,38,27,0,0,0,0,49,35,38,86,0
1627024280000,0,62,67,0,68,0,0,48,43,41,98,0
1627024285000,0,16,36,0,0,0,0,3,38,42,90,0
1627024290000,0,65,48,0,37,0,0,43,55,85,98,0
1627024295000,0,0,7,0,46,0,0,19,34,52,82,0
1627024300000,0,45,0,0,56,3,0,29,44,29,99,2
1627024305000,0,70,19,0,28,32,0,68,35,35,87,0
1627024310000,0,26,67,86,45,49,0,0,35,41,100,0
1627024315000,0,27,67,99,4,48,49,67,34,35,100,0
1627024320000,0,25,66,89,67,89,82,67,3,55,100,0
1627024325000,0,42,54,99,30,59,92,47,56,0,100,0
1627024330000,0,70,28,100,24,44,85,21,59,0,95,48
1627024335000,2,70,67,99,0,31,86,0,34,0,99,35
1627024340000,12,1,26,100,0,31,84,54,34,0,89,48
1627024345000,0,52,48,89,0,31,98,21,34,0,99,49
1627024350000,0,0,0,100,0,38,100,8,49,0,90,35
1627024355000,0,13,67,98,0,43,99,0,36,0,100,39
1627024360000,0,33,1,0,0,31,86,54,34,0,90,43
1627024365000,2,69,1,99,0,48,86,43,38,0,86,39
1627024370000,0,34,67,86,0,45,87,0,51,0,88,55
1627024375000,64,50,22,84,52,46,96,13,65,0,94,48
1627024380000,18,28,0,99,55,51,82,19,37,0,89,42
1627024385000,54,39,52,99,27,47,88,0,34,0,83,35
1627024390000,0,70,4,100,18,31,88,0,45,0,96,40
1627024395000,14,0,0,92,55,50,0,0,54,0,100,48
1627024400000,37,0,0,98,19,58,0,0,36,0,100,37
1627024405000,72,0,0,99,52,36,0,0,34,0,84,35
1627024410000,9,0,0,98,29,31,0,0,51,0,99,35
1627024415000,48,0,0,100,0,30,1,0,34,0,99,35
1627024420000,13,0,0,96,0,42,0,0,37,12,99,35
1627024425000,41,0,0,99,50,34,0,9,34,0,99,54
1627024430000,2,0,0,100,63,31,0,0,2,0,100,60
1627024435000,47,0,0,99,55,54,0,0,48,0,100,1
1627024440000,0,0,0,88,20,98,0,0,55,0,83,36
1627024445000,2,0,0,86,62,0,0,0,49,0,89,44
1627024450000,56,5,0,88,38,0,0,0,35,3,96,62
1627024455000,7,87,0,89,82,0,0,97,45,0,100,35
1627024460000,67,98,0,82,0,0,68,46,43,41,91,35
1627024465000,17,87,0,88,45,0,61,0,63,80,99,58
1627024470000,42,81,0,100,55,0,49,67,55,69,90,50
1627024475000,27,87,0,90,32,0,36,69,48,0,98,35
1627024480000,11,89,0,96,63,0,47,68,56,0,90,61
1627024485000,50,99,0,81,52,0,55,6,88,12,83,35
1627024490000,0,99,0,85,86,0,54,65,41,17,90,45
1627024495000,1,99,0,83,45,0,36,66,52,0,87,51
1627024500000,16,99,0,86,64,0,56,7,58,68,88,36
1627024505000,63,100,0,99,0,0,34,0,47,41,96,44
1627024510000,0,97,0,89,54,0,47,9,52,61,97,57
1627024515000,0,0,0,98,0,0,18,0,0,1,88,35
1627024520000,0,0,0,84,0,15,54,0,0,53,92,35
1627024525000,0,0,0,83,0,0,49,0,0,69,100,50
1627024530000,0,0,0,93,0,0,0,0,0,69,97,49
1627024535000,1,0,0,87,0,0,4,0,5,84,99,51
1627024540000,0,0,0,53,0,0,68,0,0,61,99,60
1627024545000,0,0,0,88,0,0,31,0,0,23,99,38
1627024550000,3,0,0,89,0,3,55,0,0,69,99,38
1627024555000,99,0,0,87,45,0,54,0,0,48,95,57
1627024560000,99,0,0,77,35,34,30,0,0,1,88,35
1627024565000,90,0,0,89,35,68,23,0,0,0,96,35
1627024570000,83,0,0,77,41,60,15,0,96,49,99,88
1627024575000,86,0,0,87,49,60,0,0,41,69,87,37
1627024580000,98,0,0,99,55,14,34,0,67,69,89,65
1627024585000,100,0,0,98,54,68,0,0,0,69,89,59
1627024590000,99,0,0,99,59,5,0,0,12,69,100,38
1627024595000,83,0,0,95,40,0,70,0,94,20,90,58
1627024600000,88,18,0,88,44,0,0,21,35,41,100,57
1627024605000,82,0,0,94,51,0,59,0,29,69,89,45
1627024610000,95,0,0,99,38,0,0,0,0,54,98,54
1627024615000,100,0,0,99,60,0,69,0,69,0,100,44
1627024620000,87,0,0,90,50,0,0,0,0,0,86,35
1627024625000,85,0,0,89,53,0,55,0,23,0,96,35
1627024630000,100,2,0,99,48,0,25,0,0,0,88,35
1627024635000,84,0,0,98,37,0,0,0,63,0,86,35
1627024640000,84,0,0,99,39,0,31,63,53,0,89,35
1627024645000,99,0,0,89,39,29,63,45,0,0,89,35
1627024650000,99,0,0,87,60,89,10,91,24,32,100,3
1627024655000,90,0,0,95,35,15,33,14,79,0,86,35
1627024660000,84,76,0,93,88,52,52,88,69,43,99,35
1627024665000,82,0,0,88,43,64,48,85,5,52,99,42
1627024670000,94,66,0,99,48,0,24,59,42,58,86,35
1627024675000,99,58,0,88,34,40,69,20,6,69,100,35
1627024680000,98,15,0,100,53,21,25,92,15,0,6,56
1627024685000,99,84,0,99,49,82,0,0,69,62,88,41
1627024690000,98,67,0,87,48,33,0,42,30,1,85,35
1627024695000,99,68,0,99,35,81,25,78,0,67,85,57
1627024700000,90,66,0,100,56,75,45,82,6,27,99,45
1627024705000,100,36,0,87,47,28,33,72,69,22,98,1
1627024710000,86,52,0,90,45,71,60,52,0,0,99,64
1627024715000,88,19,0,97,86,1,0,5,0,63,88,55
1627024720000,91,38,0,84,49,43,0,42,3,61,89,55
1627024725000,0,18,0,99,38,0,0,70,7,68,85,53
1627024730000,87,53,0,98,34,0,0,20,8,20,87,45
1627024735000,92,19,0,99,34,66,68,31,33,51,98,40
1627024740000,98,15,0,94,58,63,16,65,0,0,97,35
1627024745000,100,7,0,88,35,28,26,45,29,0,88,53
1627024750000,90,37,0,89,37,87,25,99,0,0,96,58
1627024755000,99,44,0,100,35,74,0,53,60,66,99,51
1627024760000,94,12,0,98,61,92,2,16,57,21,88,57
1627024765000,89,48,0,99,50,67,0,55,69,0,98,35
1627024770000,90,31,0,64,86,18,36,67,67,23,100,35
1627024775000,84,0,0,81,43,57,52,42,64,0,98,55
1627024780000,99,0,0,89,54,27,64,0,69,7,100,61
1627024785000,96,78,0,88,35,1,8,58,0,69,82,35
1627024790000,85,64,0,99,49,39,68,14,28,69,99,38
1627024795000,84,45,0,86,52,70,7,47,41,13,94,54
1627024800000,99,81,0,90,55,0,23,31,41,37,96,35
1627024805000,72,0,0,87,0,0,0,50,69,55,98,49
1627024810000,88,100,0,0,0,100,30,0,2,71,88,41
1627024815000,90,0,0,0,0,0,49,17,6,0,88,50
1627024820000,98,0,0,0,0,0,26,19,17,0,98,49
1627024825000,100,0,0,0,0,0,26,48,28,3,89,54
1627024830000,100,0,0,0,0,0,10,69,46,0,84,51
1627024835000,99,0,0,0,0,0,87,67,16,0,85,34
1627024840000,93,0,0,0,0,0,0,6,69,0,99,87
1627024845000,94,0,13,0,16,0,0,41,0,81,89,35
1627024850000,98,0,0,0,0,0,0,0,0,95,88,52
1627024855000,100,0,0,0,0,0,0,59,0,99,8,37
1627024860000,88,0,0,0,0,0,0,67,0,100,3,53
1627024865000,99,91,0,2,0,0,0,3,68,99,89,47
1627024870000,90,0,0,0,4,0,0,0,66,79,89,35
1627024875000,89,86,0,11,0,0,0,0,0,97,89,35
1627024880000,99,20,62,0,0,0,46,51,2,95,85,46
1627024885000,100,47,51,22,0,0,43,35,0,86,87,52
1627024890000,86,18,89,44,43,0,20,48,0,88,92,43
1627024895000,99,60,78,0,30,0,19,47,49,87,83,1
1627024900000,0,56,0,16,49,0,49,69,0,0,86,35
1627024905000,84,55,0,0,0,0,82,46,10,98,99,46
1627024910000,85,77,48,67,36,0,0,0,0,99,80,54
1627024915000,100,0,63,0,31,0,45,23,0,87,96,35
1627024920000,89,0,34,0,30,12,55,0,0,88,89,50
1627024925000,98,0,41,0,29,0,63,69,43,99,99,44
1627024930000,85,0,18,0,1,0,32,46,0,99,90,36
1627024935000,83,0,1,0,31,0,14,69,42,99,98,55
1627024940000,100,0,52,0,51,0,43,55,65,99,100,61
1627024945000,89,0,72,0,40,0,51,21,29,88,99,50
1627024950000,99,6,0,5,23,89,25,5,35,83,99,56
1627024955000,100,88,23,91,84,66,11,70,27,74,100,42
1627024960000,97,53,64,13,50,19,81,8,9,96,100,35
1627024965000,90,26,0,0,0,1,15,0,82,88,99,37
1627024970000,92,44,55,10,40,11,1,65,68,90,89,34
1627024975000,99,53,56,73,35,73,63,62,1,98,97,61
1627024980000,87,81,47,79,57,0,17,42,69,99,87,56
1627024985000,86,0,27,0,64,0,67,38,24,99,92,35
1627024990000,85,81,8,0,43,42,8,0,47,98,99,42
1627024995000,88,18,52,0,36,15,69,0,64,99,99,53
1627025000000,99,63,63,55,20,2,0,33,69,99,99,46
1627025005000,83,54,45,67,37,58,57,0,56,98,99,37
1627025010000,99,0,36,0,55,0,1,0,0,99,89,35
1627025015000,84,83,48,0,88,78,40,0,0,99,97,49
1627025020000,96,63,61,0,77,31,73,67,1,96,86,52
1627025025000,3,42,83,6,0,16,21,38,25,99,91,37
1627025030000,0,27,74,0,60,64,18,26,1,89,86,52
1627025035000,0,53,1,68,0,53,77,1,0,99,97,0
1627025040000,0,0,36,0,0,0,13,0,0,99,98,35
1627025045000,0,0,1,0,0,0,43,0,0,93,89,38
1627025050000,0,0,37,0,0,0,39,0,0,96,98,52
1627025055000,0,0,55,0,0,0,21,0,0,100,99,30
1627025060000,0,0,0,16,0,0,63,0,0,99,95,56
1627025065000,0,0,29,0,0,0,87,0,3,99,90,54
1627025070000,0,0,63,0,0,0,51,0,0,98,88,47
1627025075000,0,0,0,0,0,0,63,0,0,99,90,53
1627025080000,0,0,67,0,0,0,39,0,0,95,99,40
1627025085000,0,0,7,5,0,0,0,0,0,83,100,35
1627025090000,0,0,59,0,0,0,56,0,0,90,96,43
1627025095000,94,0,72,41,62,0,64,0,0,77,84,44
1627025100000,47,0,19,42,35,0,23,0,0,83,91,52
1627025105000,45,0,5,0,49,0,39,0,40,91,99,34
1627025110000,75,0,76,68,56,0,40,0,0,98,90,50
1627025115000,23,0,0,32,46,0,44,0,8,89,99,39
1627025120000,52,0,49,37,51,0,64,0,0,96,99,40
1627025125000,12,0,29,64,0,0,62,0,41,98,90,53
1627025130000,0,0,35,69,38,0,1,0,4,99,99,39
1627025135000,62,0,44,69,25,0,10,0,0,8,89,53
1627025140000,0,0,60,0,0,0,66,0,0,88,99,36
1627025145000,13,0,64,0,9,0,20,0,46,86,100,85
1627025150000,55,0,0,44,75,0,63,0,52,97,94,53
1627025155000,74,0,72,46,39,0,52,0,41,98,84,0
1627025160000,0,0,56,35,0,0,75,0,59,0,0,0
1627025165000,0,0,8,0,0,0,23,0,54,0,0,0
1627025170000,0,0,0,0,0,0,1,0,60,0,0,0
1627025175000,0,0,43,0,0,0,54,0,0,0,0,0
1627025180000,3,0,58,0,0,0,58,0,0,0,0,0
1627025185000,0,0,0,0,0,0,9,0,14,0,0,0
1627025190000,0,0,39,0,0,0,54,0,67,0,0,0
1627025195000,0,0,0,0,0,0,63,0,12,0,0,0
1627025200000,84,0,50,0,0,0,0,0,0,0,0,0
1627025205000,90,0,16,0,0,0,30,0,0,0,0,0
1627025210000,99,0,50,0,0,0,58,0,56,0,0,0
1627025215000,84,47,59,0,84,0,54,53,41,0,0,0
1627025220000,83,0,63,0,89,0,0,0,0,0,0,0
1627025225000,82,85,8,0,87,0,36,71,0,0,0,0
1627025230000,99,56,98,0,98,0,39,0,0,0,0,0
1627025235000,84,43,26,0,88,0,0,50,0,0,0,0
1627025240000,85,87,36,12,98,11,53,29,0,0,0,0
1627025245000,95,54,44,7,100,0,71,58,0,0,0,0
1627025250000,94,78,43,0,99,0,74,77,0,0,0,0
1627025255000,0,1,0,0,100,0,73,51,0,0,0,0
1627025260000,35,0,26,0,87,0,68,0,6,76,48,6
1627025265000,99,58,19,0,88,0,74,61,38,70,14,60
1627025270000,83,29,24,0,95,0,0,0,96,61,58,61
1627025275000,84,48,59,0,99,3,74,8,41,80,62,84
1627025280000,83,86,0,28,83,34,0,7,62,30,82,0
1627025285000,83,53,32,89,100,72,14,74,39,46,43,53
1627025290000,88,51,64,55,99,0,40,71,11,0,0,5
1627025295000,98,61,64,54,99,58,51,1,42,91,92,19
1627025300000,85,0,84,64,92,25,59,0,16,58,67,56
1627025305000,83,52,0,25,96,56,50,59,79,39,42,82
1627025310000,88,58,80,20,99,51,60,60,0,5,0,72
1627025315000,95,52,26,64,83,32,63,71,42,27,63,63
1627025320000,99,73,3,54,88,72,1,70,35,27,39,64
1627025325000,84,57,54,63,89,33,20,55,1,21,0,6
1627025330000,87,73,29,44,24,25,76,0,0,1,0,0
1627025335000,87,90,75,24,99,0,0,12,0,63,29,0
1627025340000,87,68,42,1,99,20,85,51,99,58,80,86
1627025345000,73,80,32,64,99,31,93,0,3,37,0,23
1627025350000,86,22,0,36,95,17,22,33,10,12,44,61
1627025355000,98,88,60,64,99,1,19,58,25,27,0,56
1627025360000,86,89,49,22,84,53,34,49,21,10,12,3
1627025365000,90,19,66,1,99,21,19,0,43,28,90,72
1627025370000,87,66,73,67,89,26,69,21,15,65,60,0
1627025375000,96,6,58,49,98,1,0,1,26,82,59,13
1627025380000,81,75,10,76,99,35,61,68,1,8,17,51
1627025385000,89,0,54,53,9,0,24,52,0,64,20,21
1627025390000,99,65,68,17,83,36,71,0,52,80,47,37
1627025395000,68,65,67,0,84,0,0,0,15,3,80,34
1627025400000,88,59,42,68,98,24,54,0,74,95,72,82
1627025405000,99,40,6,14,89,14,76,51,83,83,87,51
1627025410000,99,50,29,0,89,0,64,33,75,66,70,3
1627025415000,99,59,37,54,99,49,9,42,0,0,0,0
1627025420000,99,12,78,76,87,65,72,60,46,35,35,66
1627025425000,85,0,28,83,89,71,70,72,60,79,77,63
1627025430000,99,56,60,55,87,17,28,62,68,65,64,77
1627025435000,96,47,31,33,98,30,57,0,65,34,44,19
1627025440000,98,66,71,0,82,0,30,57,0,34,35,28
1627025445000,100,42,53,28,95,31,35,48,94,57,69,69
1627025450000,99,39,1,0,95,0,2,38,58,57,58,64
1627025455000,99,17,56,50,90,54,46,0,61,44,92,67
1627025460000,100,65,54,0,99,4,7,46,35,48,54,36
1627025465000,97,65,62,90,89,68,41,0,77,74,91,48
1627025470000,99,0,13,0,98,74,62,0,63,67,64,75
1627025475000,99,55,81,50,99,18,0,70,7,17,8,4
1627025480000,88,31,68,63,90,22,33,54,0,0,0,0
1627025485000,99,64,0,28,83,0,69,56,71,0,0,0
1627025490000,99,7,0,32,99,50,26,5,0,0,0,0
1627025495000,77,45,0,100,99,0,0,43,0,0,0,0
1627025500000,83,19,0,0,86,0,0,38,0,0,0,0
1627025505000,88,49,0,0,95,0,0,0,0,0,0,0
1627025510000,98,1,0,0,87,0,0,2,0,0,0,0
1627025515000,99,65,0,0,85,0,0,0,0,0,0,0
1627025520000,87,67,0,0,99,0,0,19,0,0,0,0
1627025525000,98,56,0,0,88,0,0,76,0,0,0,0
1627025530000,88,21,0,0,98,0,0,0,0,0,0,0
1627025535000,88,35,0,0,100,0,0,0,0,0,0,0
1627025540000,98,88,0,0,89,0,0,17,0,0,0,0
1627025545000,88,37,0,0,99,0,0,75,0,0,19,0
1627025550000,94,1,0,0,91,0,0,0,11,0,11,0
1627025555000,84,64,0,0,89,0,0,0,0,0,0,0
1627025560000,99,86,0,0,83,0,0,23,0,0,0,0
1627025565000,98,82,0,0,94,0,0,0,0,0,0,0
1627025570000,99,75,0,0,4,0,0,80,0,0,0,0
1627025575000,83,24,0,0,0,0,0,32,0,0,0,0
1627025580000,99,59,0,0,0,0,0,60,0,3,0,2
1627025585000,88,57,0,0,0,0,0,71,0,0,0,0
1627025590000,90,0,0,0,0,0,0,0,89,19,0,65
1627025595000,99,0,0,17,0,54,0,0,75,55,87,49
1627025600000,89,0,0,18,0,14,0,0,51,33,42,54
1627025605000,99,0,0,0,0,0,0,0,53,56,55,67
1627025610000,95,0,0,0,0,0,0,0,60,67,70,55
1627025615000,69,0,0,0,0,0,0,0,38,6,0,0
1627025620000,96,0,0,0,0,0,0,0,16,56,64,14
1627025625000,99,0,0,21,0,3,0,0,64,43,63,1
1627025630000,99,0,0,0,0,0,0,0,72,9,34,20
1627025635000,89,82,0,2,0,74,0,38,50,77,88,0
1627025640000,88,76,0,89,0,74,0,84,31,1,37,0
1627025645000,86,44,0,14,0,1,0,0,43,70,82,18
1627025650000,99,51,0,49,0,6,0,64,55,58,55,66
1627025655000,87,0,0,44,0,19,0,4,69,78,57,66
1627025660000,99,58,0,12,0,0,0,7,64,45,58,72
1627025665000,84,29,0,49,0,0,0,0,40,37,57,0
1627025670000,96,4,0,10,0,59,0,52,88,84,79,0
1627025675000,99,57,0,51,0,66,0,9,58,68,64,64
1627025680000,94,61,0,91,0,58,0,38,0,0,0,68
1627025685000,73,63,0,61,0,53,0,62,0,0,0,0
1627025690000,89,51,0,10,0,42,0,69,0,0,0,0
1627025695000,90,10,0,83,0,57,0,60,0,0,0,0
1627025700000,85,48,0,16,0,52,0,57,0,0,0,0
1627025705000,3,56,0,35,0,71,0,92,0,0,0,0
1627025710000,0,73,0,83,0,1,0,85,0,0,0,0
1627025715000,0,53,0,13,0,82,0,2,0,0,0,0
1627025720000,0,1,0,5,0,18,0,7,0,0,0,0
1627025725000,32,36,39,22,76,50,0,11,0,0,0,0
1627025730000,100,55,83,87,72,83,89,58,0,0,0,0
1627025735000,98,90,98,93,64,14,74,47,0,0,0,0
1627025740000,100,7,100,0,100,42,98,57,0,0,0,0
1627025745000,100,77,100,55,78,71,72,65,0,0,0,0
1627025750000,95,28,94,53,95,10,96,59,0,0,0,0
1627025755000,72,50,93,29,100,2,100,27,0,0,0,0
1627025760000,87,52,89,71,74,51,83,62,0,0,0,0
1627025765000,100,0,100,46,77,0,65,59,0,0,0,0
1627025770000,90,29,94,63,79,23,86,63,0,0,0,0
1627025775000,97,68,94,61,96,24,96,63,0,0,0,0
1627025780000,100,49,100,4,100,75,100,38,0,0,0,0
1627025785000,86,30,88,56,77,69,75,43,0,0,0,0
1627025790000,100,70,100,31,81,67,98,0,0,0,0,0
1627025795000,0,54,0,1,0,0,0,16,0,0,0,0
1627025800000,100,90,100,63,91,36,72,63,0,0,0,0
1627025805000,91,72,98,31,77,6,76,56,0,0,0,0
1627025810000,94,66,89,64,92,0,76,57,0,0,0,0
1627025815000,84,52,93,43,84,75,72,52,0,0,0,0
1627025820000,97,48,96,8,95,52,97,16,0,0,0,0
1627025825000,100,14,100,22,100,54,100,33,0,0,0,0
1627025830000,100,85,100,68,100,9,100,62,0,0,0,0
1627025835000,100,0,100,46,79,0,100,13,0,0,0,0
1627025840000,83,40,80,57,76,42,75,55,0,0,0,0
1627025845000,96,35,97,64,96,39,96,25,0,0,0,0
1627025850000,100,89,100,57,70,89,88,0,0,0,0,0
1627025855000,98,52,88,32,90,87,85,41,0,0,0,0
1627025860000,96,75,98,98,79,77,80,57,0,0,0,0
1627025865000,97,45,96,49,96,0,95,64,0,0,0,0
1627025870000,91,0,100,20,95,0,100,1,0,0,0,0
1627025875000,91,13,86,32,100,79,98,43,0,0,0,0
1627025880000,72,46,88,1,99,43,99,62,0,0,0,0
1627025885000,91,55,100,27,100,4,100,10,0,0,0,0
1627025890000,97,47,94,72,96,44,94,49,0,0,0,0
1627025895000,91,70,87,50,78,51,77,70,0,0,0,0
1627025900000,83,29,96,30,100,41,77,22,0,0,0,0
1627025905000,100,43,100,53,100,12,100,66,0,0,0,0
1627025910000,100,44,100,21,99,37,96,1,0,0,0,0
1627025915000,96,53,95,67,96,52,95,30,0,0,0,0
1627025920000,100,31,72,63,100,54,76,52,0,0,0,0
1627025925000,100,43,100,41,100,0,100,64,0,0,0,0
1627025930000,100,59,100,42,100,0,100,11,0,0,0,0
1627025935000,95,57,97,50,96,27,96,66,0,0,0,0
1627025940000,100,62,100,24,100,77,100,81,0,0,0,0
1627025945000,100,69,98,54,100,55,100,84,0,0,0,0
1627025950000,98,75,100,75,100,21,100,54,0,0,0,0
1627025955000,95,20,97,0,85,0,83,80,0,0,0,0
1627025960000,96,0,95,0,96,0,95,67,0,0,0,0
1627025965000,100,0,100,0,100,0,100,0,0,0,0,0
1627025970000,89,0,99,0,100,0,79,0,0,0,0,0
1627025975000,85,0,100,0,100,0,100,0,0,0,0,0
1627025980000,100,0,97,0,100,0,100,0,0,0,0,0
1627025985000,95,0,70,0,96,0,85,0,0,0,0,0
1627025990000,92,0,92,0,75,0,76,0,0,0,0,0
1627025995000,87,0,97,0,100,0,100,0,0,0,0,0
1627026000000,100,0,97,0,100,0,100,0,0,0,0,0
1627026005000,96,0,96,0,95,0,94,0,0,0,0,0
1627026010000,88,0,84,0,77,0,72,0,0,0,0,0
1627026015000,87,0,91,0,68,0,85,0,0,0,0,0
1627026020000,98,0,96,0,100,0,100,0,0,0,0,0
1627026025000,100,0,100,0,100,0,100,0,0,0,0,0
1627026030000,96,0,95,0,96,0,96,0,0,0,0,0
1627026035000,100,0,100,0,100,0,100,0,0,0,0,0
1627026040000,100,0,100,0,100,0,100,0,0,0,0,0
1627026045000,100,0,100,0,100,0,77,0,0,0,0,0
1627026050000,100,0,100,0,100,0,100,0,0,0,0,0
1627026055000,76,0,72,0,96,0,94,0,0,0,0,0
1627026060000,94,0,98,0,85,0,75,0,0,0,0,0
1627026065000,100,0,100,0,100,0,100,0,0,0,0,0
1627026070000,100,0,95,0,100,0,100,0,0,0,0,0
1627026075000,96,0,96,0,95,0,94,0,0,0,0,0
1627026080000,3,0,6,0,67,0,0,0,0,0,0,0
1627026085000,3,0,0,0,0,0,0,0,0,0,0,0
1627026090000,0,0,0,0,0,0,0,0,0,0,0,0
1627026095000,0,0,0,0,0,0,0,0,0,0,0,0
1627026100000,0,0,0,0,0,0,0,0,0,0,0,0
1627026105000,0,0,0,0,0,0,0,0,0,0,0,0
1627026110000,0,0,0,0,0,0,0,0,0,0,0,0

